{"nvBv2oq4cdn6E8IfBfQ/5w==":"cieon-121x121.png","WZgtI50y06MGrVj8ePMgYQ==":"reservation-233x147.png","C5QLl06O0F5qaANnbEdjQg==":"extend-400x171.png","C+A/gE6abhGxCIuQo9QJPg==":"lost-109x211.png","6VbdLXGFSj94o48Y+fhihg==":"mbr-696x320.jpg","/u2s7+840MvamBwG3Q+rdw==":"mbr-696x464.jpg","E9vtZpr+xckRaeRF2Awt5Q==":"mbr-1-696x464.jpg","mHORW0ykdG8H6CquiAAlBA==":"background4.jpg","sZf7Al9wyqsSCfE9or2xnw==":"raspberrypi4-452x452.png","Vb7GgbMoe0curpGYBParsg==":"background3.jpg","fPhtogq00Fq+yEtcddmjmA==":"raspberrypi3-452x452.png","WdSA+tcn+tyqX0tFXyyKCQ==":"arduinowemos-603x452.png","ePi5iTM+nOX5oj96EqKpig==":"arduinouno-452x452.png","9fmtwch7CQPhrt0vRfSgxQ==":"arduinonodemcu-452x452.png","cfZYZtZBlqyi0dB9Ux6eSA==":"arduinonano-452x452.png","E/LnrI6lIUG8XcXyPBFZ4Q==":"screen-226x153.png","VH5ElfjRrr0llN9dW9lK7Q==":"vr-466x318.jpg","oUXKjoJybDiHebV9Ehmv4g==":"wire-342x258.png","cy2raq5AbDK9Un92DbgO6Q==":"ar-696x381.jpg","SQHWHAMzPoBtSDdNctVRGg==":"cozmo-500x500.jpg","oRykAiO0rUD++7AmPeEwUg==":"background1.jpg","VTkqVJkxKP38wzkhHa10Cg==":"product3.jpg","pxMFo6vQU2LAUsuj75l00g==":"mbr-980x693.jpg"}