{"oRykAiO0rUD++7AmPeEwUg==":"background1.jpg","nvBv2oq4cdn6E8IfBfQ/5w==":"cieon-121x121.png","911X7bM4yT2Mobv6BsMc+g==":"background8.jpg","gu39Oa5dFxvBr3qd9wTlrg==":"product5.jpg","XvbeLAwNVoh0IypO9S/DUQ==":"product4.jpg","VTkqVJkxKP38wzkhHa10Cg==":"product3.jpg","Vb7GgbMoe0curpGYBParsg==":"background3.jpg","oUXKjoJybDiHebV9Ehmv4g==":"wire-342x258.png","SQHWHAMzPoBtSDdNctVRGg==":"cozmo-500x500.jpg","sZf7Al9wyqsSCfE9or2xnw==":"raspberrypi4-452x452.png","cy2raq5AbDK9Un92DbgO6Q==":"ar-696x381.jpg","Oc6S6Lr3lTwkL10eSOdjzw==":"ar-696x381.jpeg","1DWJNKW9GX3ZmaRGT/8KtQ==":"ar-1-696x381.jpeg","NaTuFsAl8wi0YzP5qhUYqg==":"ar-2-696x381.jpeg","8n5I7neSR3wzuT9e06tBkw==":"ar-3-696x381.jpeg","Woia06a/BXjazTNyZWHMNA==":"sensors-500x375.jpg","XUXfqvy9fVqTdlOHWjZoNA==":"hardware-523x310.png"}